Samoa v Fiji at Apia, Aug 18, 1924
Samoa v Fiji at Apia, Aug 18, 1924
Samoa v Fiji at Apia, Aug 18, 1924
Samoa v Fiji at Apia, Aug 18, 1924
Samoa v Fiji at Apia, Aug 18, 1924
Samoa v Fiji at Apia, Aug 18, 1924
Samoa v Fiji at Apia, Aug 18, 1924
Samoa v Fiji at Apia, Aug 18, 1924
Samoa v Fiji at Apia, Aug 18, 1924
Samoa v Fiji at Apia, Aug 18, 1924
Samoa v Fiji at Apia, Aug 18, 1924
Samoa v Fiji at Apia, Aug 18, 1924
Samoa v Fiji at Apia, Aug 18, 1924
Samoa v Fiji at Apia, Aug 18, 1924
Samoa v Fiji at Apia, Aug 18, 1924
Samoa v Fiji at Apia, Aug 18, 1924
Samoa v Fiji at Apia, Aug 18, 1924
Samoa v Fiji at Apia, Aug 18, 1924
Samoa v Fiji at Apia, Aug 18, 1924
Samoa v Fiji at Apia, Aug 18, 1924
Fiji v Tonga at Suva, Aug 14, 1926
Fiji v Tonga at Suva, Aug 14, 1926
Fiji v Tonga at Suva, Aug 14, 1926
Fiji v Tonga at Suva, Aug 14, 1926
Fiji v Tonga at Suva, Aug 14, 1926
Fiji v Tonga at Suva, Aug 14, 1926
Fiji v Tonga at Suva, Aug 14, 1926
Fiji v Tonga at Suva, Aug 14, 1926
Fiji v Tonga at Suva, Aug 14, 1926
Fiji v Tonga at Suva, Aug 14, 1926
Fiji v Tonga at Suva, Aug 14, 1926
Fiji v Tonga at Suva, Aug 14, 1926
Fiji v Tonga at Suva, Aug 16, 1926
Fiji v Tonga at Suva, Aug 18, 1926
Fiji v Tonga at Suva, Aug 18, 1926
Tonga v Fiji at Nuku A'lofa, Aug 25, 1928
Tonga v Fiji at Nuku A'lofa, Aug 25, 1928
Tonga v Fiji at Nuku A'lofa, Aug 25, 1928
Tonga v Fiji at Nuku A'lofa, Aug 25, 1928
Tonga v Fiji at Nuku A'lofa, Aug 25, 1928
Tonga v Fiji at Nuku A'lofa, Aug 25, 1928
Tonga v Fiji at Nuku A'lofa, Aug 25, 1928
Tonga v Fiji at Nuku A'lofa, Aug 25, 1928
Tonga v Fiji at Nuku A'lofa, Aug 25, 1928
Samoa v Fiji at Apia, Sep 21, 1928
Fiji v Tonga at Suva, Aug 27, 1932
Fiji v Tonga at Suva, Aug 27, 1932
Fiji v Tonga at Suva, Aug 27, 1932
Fiji v Tonga at Suva, Aug 27, 1932
Fiji v Tonga at Suva, Aug 27, 1932
Fiji v Tonga at Suva, Aug 27, 1932
Fiji v Tonga at Suva, Aug 27, 1932
Fiji v Tonga at Suva, Aug 27, 1932
Fiji v Tonga at Suva, Aug 27, 1932
Fiji v Tonga at Suva, Aug 27, 1932
Fiji v Tonga at Suva, Aug 27, 1932
Tonga v Fiji at Nuku A'lofa, Aug 8, 1934
Tonga v Fiji at Nuku A'lofa, Aug 8, 1934
Tonga v Fiji at Nuku A'lofa, Aug 8, 1934
Tonga v Fiji at Nuku A'lofa, Aug 8, 1934
Tonga v Fiji at Nuku A'lofa, Aug 8, 1934
Tonga v Fiji at Nuku A'lofa, Aug 8, 1934
Tonga v Fiji at Nuku A'lofa, Aug 12, 1934
Tonga v Fiji at Nuku A'lofa, Aug 12, 1934
Tonga v Fiji at Nuku A'lofa, Aug 15, 1934
Fiji v New Zealand Maori at Suva, Aug 20, 1938
Fiji v New Zealand Maori at Suva, Aug 20, 1938
Fiji v New Zealand Maori at Suva, Aug 20, 1938
Fiji v New Zealand Maori at Suva, Aug 20, 1938
Fiji v New Zealand Maori at Suva, Aug 20, 1938
Fiji v New Zealand Maori at Suva, Aug 20, 1938
Fiji v New Zealand Maori at Suva, Aug 20, 1938
Fiji v New Zealand Maori at Suva, Aug 20, 1938
Fiji v New Zealand Maori at Suva, Aug 20, 1938
Fiji v New Zealand Maori at Suva, Aug 24, 1938
Fiji v New Zealand Maori at Suva, Aug 27, 1938
New Zealand Maori v Fiji at Hamilton, Sep 16, 1939
New Zealand Maori v Fiji at Hamilton, Sep 16, 1939
New Zealand Maori v Fiji at Hamilton, Sep 16, 1939
New Zealand Maori v Fiji at Hamilton, Sep 16, 1939
New Zealand Maori v Fiji at Hamilton, Sep 16, 1939
New Zealand Maori v Fiji at Hamilton, Sep 16, 1939
New Zealand Maori v Fiji at Hamilton, Sep 16, 1939
Fiji v Tonga at Suva, Jul 26, 1947
Fiji v Tonga at Suva, Jul 26, 1947
Fiji v Tonga at Suva, Jul 26, 1947
Fiji v Tonga at Suva, Jul 26, 1947
Fiji v Tonga at Suva, Jul 26, 1947
Fiji v Tonga at Suva, Jul 26, 1947
Fiji v Tonga at Suva, Jul 26, 1947
Fiji v Tonga at Suva, Jul 26, 1947
Fiji v Tonga at Suva, Jul 26, 1947
Fiji v Tonga at Suva, Jul 26, 1947
Fiji v Tonga at Suva, Jul 26, 1947
Fiji v Tonga at Suva, Jul 26, 1947
Fiji v Tonga at Suva, Jul 26, 1947
Fiji v Tonga at Suva, Jul 26, 1947
Fiji v New Zealand Maori at Suva, Jul 31, 1948
Fiji v New Zealand Maori at Suva, Jul 31, 1948
Fiji v New Zealand Maori at Suva, Jul 31, 1948
Fiji v New Zealand Maori at Suva, Jul 31, 1948
Fiji v New Zealand Maori at Suva, Jul 31, 1948
Fiji v New Zealand Maori at Suva, Aug 4, 1948
Fiji v New Zealand Maori at Suva, Aug 4, 1948
Fiji v New Zealand Maori at Suva, Aug 4, 1948
Fiji v New Zealand Maori at Suva, Aug 4, 1948
Fiji v New Zealand Maori at Suva, Aug 7, 1948
New Zealand Maori v Fiji at Wellington, Sep 5, 1951
New Zealand Maori v Fiji at Wellington, Sep 5, 1951
New Zealand Maori v Fiji at Wellington, Sep 5, 1951
New Zealand Maori v Fiji at Wellington, Sep 5, 1951
New Zealand Maori v Fiji at Wellington, Sep 5, 1951
New Zealand Maori v Fiji at Wellington, Sep 5, 1951
New Zealand Maori v Fiji at Wellington, Sep 5, 1951
New Zealand Maori v Fiji at Wellington, Sep 5, 1951
New Zealand Maori v Fiji at Wellington, Sep 5, 1951
New Zealand Maori v Fiji at Wellington, Sep 5, 1951
New Zealand Maori v Fiji at Wellington, Sep 5, 1951
New Zealand Maori v Fiji at Wellington, Sep 5, 1951
New Zealand Maori v Fiji at Wellington, Sep 5, 1951
New Zealand Maori v Fiji at Wellington, Sep 5, 1951
Australia v Fiji at Sydney, Jul 26, 1952
Australia v Fiji at Sydney, Aug 9, 1952
Australia v Fiji at Sydney, Aug 9, 1952
Australia v Fiji at Sydney, Aug 9, 1952
Australia v Fiji at Brisbane, Jun 5, 1954
Australia v Fiji at Brisbane, Jun 5, 1954
Australia v Fiji at Brisbane, Jun 5, 1954
Australia v Fiji at Brisbane, Jun 5, 1954
Australia v Fiji at Brisbane, Jun 5, 1954
Australia v Fiji at Sydney, Jun 26, 1954
Fiji v New Zealand Maori at Lautoka, Aug 14, 1954
Fiji v New Zealand Maori at Lautoka, Aug 14, 1954
Fiji v New Zealand Maori at Lautoka, Aug 14, 1954
Fiji v New Zealand Maori at Suva, Aug 21, 1954
New Zealand Maori v Fiji at Wellington, Aug 10, 1957
New Zealand Maori v Fiji at Wellington, Aug 10, 1957
New Zealand Maori v Fiji at Wellington, Aug 10, 1957
New Zealand Maori v Fiji at Wellington, Aug 10, 1957
New Zealand Maori v Fiji at Wellington, Aug 10, 1957
New Zealand Maori v Fiji at Wellington, Aug 10, 1957
New Zealand Maori v Fiji at Wellington, Aug 10, 1957
New Zealand Maori v Fiji at Wellington, Aug 10, 1957
New Zealand Maori v Fiji at Wellington, Aug 10, 1957
New Zealand Maori v Fiji at Wellington, Aug 10, 1957
New Zealand Maori v Fiji at Dunedin, Aug 24, 1957
New Zealand Maori v Fiji at Dunedin, Aug 24, 1957
Tonga v Fiji at Nuku A'lofa, Aug 2, 1958
Tonga v Fiji at Nuku A'lofa, Aug 2, 1958
Tonga v Fiji at Nuku A'lofa, Aug 2, 1958
Tonga v Fiji at Nuku A'lofa, Aug 2, 1958
Tonga v Fiji at Nuku A'lofa, Aug 2, 1958
Tonga v Fiji at Nuku A'lofa, Aug 2, 1958
Tonga v Fiji at Nuku A'lofa, Aug 9, 1958
Tonga v Fiji at Nuku A'lofa, Aug 9, 1958
Tonga v Fiji at Nuku A'lofa, Aug 13, 1958
Fiji v Tonga at Suva, Sep 26, 1959
Fiji v Tonga at Suva, Sep 26, 1959
Australia v Fiji at Brisbane, Jun 10, 1961
Australia v Fiji at Brisbane, Jun 10, 1961
Australia v Fiji at Brisbane, Jun 10, 1961
Australia v Fiji at Brisbane, Jun 10, 1961
Australia v Fiji at Brisbane, Jun 10, 1961
Australia v Fiji at Brisbane, Jun 10, 1961
Australia v Fiji at Brisbane, Jun 10, 1961
Australia v Fiji at Brisbane, Jun 10, 1961
Australia v Fiji at Brisbane, Jun 10, 1961
Australia v Fiji at Sydney, Jun 17, 1961
Australia v Fiji at Sydney, Jun 17, 1961
Australia v Fiji at Melbourne, Jul 1, 1961
Fiji v Samoa at Suva, Aug 30, 1963
Fiji v Samoa at Suva, Aug 30, 1963
Fiji v Samoa at Suva, Aug 30, 1963
Fiji v Samoa at Suva, Aug 30, 1963
Fiji v Samoa at Suva, Aug 30, 1963
Fiji v Samoa at Suva, Aug 30, 1963
Fiji v Samoa at Suva, Aug 30, 1963
Fiji v Samoa at Suva, Aug 30, 1963
Fiji v Tonga at Lautoka, Aug 31, 1963
Fiji v Tonga at Lautoka, Aug 31, 1963
Fiji v Tonga at Lautoka, Aug 31, 1963
Fiji v Samoa at Suva, Sep 5, 1963
Fiji v New Zealand Maori at Suva, Jul 25, 1964
Fiji v New Zealand Maori at Suva, Jul 25, 1964
Wales XV v Fiji at Cardiff, Sep 26, 1964
Wales XV v Fiji at Cardiff, Sep 26, 1964
Wales XV v Fiji at Cardiff, Sep 26, 1964
France v Fiji at Colombes, Oct 17, 1964
France v Fiji at Colombes, Oct 17, 1964
France v Fiji at Colombes, Oct 17, 1964
Canada XV v Fiji at Victoria, Oct 24, 1964
Tonga v Fiji at Nuku A'lofa, Jul 8, 1967
Tonga v Fiji at Nuku A'lofa, Jul 8, 1967
Tonga v Fiji at Nuku A'lofa, Jul 8, 1967
Tonga v Fiji at Nuku A'lofa, Jul 8, 1967
Tonga v Fiji at Nuku A'lofa, Jul 8, 1967
Tonga v Fiji at Nuku A'lofa, Jul 8, 1967
Tonga v Fiji at Nuku A'lofa, Jul 8, 1967
Tonga v Fiji at Nuku A'lofa, Jul 8, 1967
Tonga v Fiji at Nuku A'lofa, Jul 8, 1967
Tonga v Fiji at Nuku A'lofa, Jul 15, 1967
Tonga v Fiji at Nuku A'lofa, Jul 15, 1967
Tonga v Fiji at Nuku A'lofa, Jul 22, 1967
Tonga v Fiji at Nuku A'lofa, Jul 22, 1967
Fiji v New Zealand XV at Suva, Jun 25, 1968
Fiji v New Zealand XV at Suva, Jun 25, 1968
Fiji v New Zealand XV at Suva, Jun 25, 1968
Fiji v New Zealand XV at Suva, Jun 25, 1968
Fiji v New Zealand XV at Suva, Jun 25, 1968
Fiji v New Zealand XV at Suva, Jun 25, 1968
Fiji v New Zealand XV at Suva, Jun 25, 1968
Fiji v Tonga at Suva, Aug 17, 1968
Fiji v Tonga at Suva, Aug 17, 1968
Fiji v Tonga at Suva, Aug 17, 1968
Fiji v Tonga at Suva, Aug 17, 1968
Fiji v Tonga at Lautoka, Aug 24, 1968
Fiji v Tonga at Lautoka, Aug 24, 1968
Fiji v Tonga at Lautoka, Aug 24, 1968
Fiji v Tonga at Lautoka, Aug 24, 1968
Fiji v Tonga at Suva, Sep 7, 1968
Fiji v Wales XV at Suva, Jun 25, 1969
Fiji v Wales XV at Suva, Jun 25, 1969
Fiji v Wales XV at Suva, Jun 25, 1969
Fiji v Wales XV at Suva, Jun 25, 1969
Papua New Guinea v Fiji at Port Moresby, Aug 18, 1969
Fiji v Solomon Islands at Port Moresby, Aug 21, 1969
New Zealand Maori v Fiji at Christchurch, Jul 25, 1970
New Zealand Maori v Fiji at Christchurch, Jul 25, 1970
New Zealand Maori v Fiji at Christchurch, Jul 25, 1970
Canada v Fiji at Burnaby Lake, Nov 28, 1970
Canada v Fiji at Burnaby Lake, Nov 28, 1970
Canada v Fiji at Burnaby Lake, Nov 28, 1970
Canada v Fiji at Burnaby Lake, Nov 28, 1970
Canada v Fiji at Burnaby Lake, Nov 28, 1970
Tonga v Fiji at Nuku A'lofa, Jul 15, 1972
Tonga v Fiji at Nuku A'lofa, Jul 15, 1972
Tonga v Fiji at Nuku A'lofa, Jul 15, 1972
Tonga v Fiji at Nuku A'lofa, Jul 22, 1972
Tonga v Fiji at Nuku A'lofa, Jul 22, 1972
Fiji v Australia at Suva, Sep 19, 1972
Fiji v Australia at Suva, Sep 19, 1972
Fiji v New Zealand Maori at Suva, Jun 2, 1973
Fiji v New Zealand Maori at Suva, Jun 2, 1973
Fiji v New Zealand Maori at Suva, Jun 2, 1973
Fiji v New Zealand Maori at Lautoka, Jun 9, 1973
Fiji v Tonga at Suva, Jul 11, 1973
Fiji v Tonga at Suva, Jul 11, 1973
Fiji v Tonga at Suva, Jul 11, 1973
Fiji v England XV at Suva, Aug 28, 1973
Fiji v New Zealand XV at Suva, Jun 11, 1974
Fiji v New Zealand XV at Suva, Jun 11, 1974
Fiji v New Zealand XV at Suva, Jun 11, 1974
Fiji v New Zealand XV at Suva, Jun 11, 1974
New Zealand Maori v Fiji at Auckland, Aug 17, 1974
New Zealand Maori v Fiji at Auckland, Aug 17, 1974
New Zealand Maori v Fiji at Auckland, Aug 17, 1974
New Zealand Maori v Fiji at Wellington, Aug 31, 1974
Fiji v Ireland XV at Suva, Jun 9, 1976
Fiji v Ireland XV at Suva, Jun 9, 1976
Fiji v Ireland XV at Suva, Jun 9, 1976
Fiji v Ireland XV at Suva, Jun 9, 1976
Fiji v Ireland XV at Suva, Jun 9, 1976
Fiji v Ireland XV at Suva, Jun 9, 1976
Fiji v Ireland XV at Suva, Jun 9, 1976
Fiji v Ireland XV at Suva, Jun 9, 1976
Fiji v Ireland XV at Suva, Jun 9, 1976
Fiji v Ireland XV at Suva, Jun 9, 1976
Fiji v Ireland XV at Suva, Jun 9, 1976
Australia v Fiji at Sydney, Jun 12, 1976
Australia v Fiji at Sydney, Jun 12, 1976
Australia v Fiji at Sydney, Jun 12, 1976
Australia v Fiji at Sydney, Jun 12, 1976
Australia v Fiji at Sydney, Jun 12, 1976
Australia v Fiji at Sydney, Jun 12, 1976
Australia v Fiji at Brisbane, Jun 19, 1976
Australia v Fiji at Brisbane, Jun 19, 1976
Australia v Fiji at Sydney, Jun 26, 1976
Fiji v Tonga at Lautoka, Jul 9, 1977
Fiji v Tonga at Lautoka, Jul 9, 1977
Fiji v Tonga at Lautoka, Jul 9, 1977
Fiji v Tonga at Lautoka, Jul 9, 1977
Fiji v New Zealand Maori at Suva, May 19, 1979
Fiji v New Zealand Maori at Suva, May 19, 1979
Fiji v England XV at Suva, May 29, 1979
Fiji v France XV at Suva, Jun 16, 1979
Fiji v France XV at Suva, Jun 16, 1979
Fiji v France XV at Suva, Jun 16, 1979
Fiji v France XV at Suva, Jun 16, 1979
Fiji v Papua New Guinea at Suva, Aug 30, 1979
Fiji v Papua New Guinea at Suva, Aug 30, 1979
Fiji v Papua New Guinea at Suva, Aug 30, 1979
Fiji v Tonga at Suva, Sep 8, 1979
Fiji v Australia at Suva, May 24, 1980
Fiji v Australia at Suva, May 24, 1980
Fiji v Australia at Suva, May 24, 1980
Fiji v Australia at Suva, May 24, 1980
Fiji v Australia at Suva, May 24, 1980
Fiji v Australia at Suva, May 24, 1980
Fiji v Australia at Suva, May 24, 1980
Fiji v Australia at Suva, May 24, 1980
New Zealand Maori v Fiji at Rotorua, Aug 30, 1980
New Zealand Maori v Fiji at Rotorua, Aug 30, 1980
New Zealand Maori v Fiji at Rotorua, Aug 30, 1980
New Zealand Maori v Fiji at Rotorua, Aug 30, 1980
New Zealand XV v Fiji at Auckland, Sep 13, 1980
New Zealand XV v Fiji at Auckland, Sep 13, 1980
New Zealand XV v Fiji at Auckland, Sep 13, 1980
Fiji v Samoa at Lautoka, Jun 27, 1981
Fiji v Samoa at Lautoka, Jun 27, 1981
Fiji v Samoa at Lautoka, Jun 27, 1981
Fiji v Samoa at Lautoka, Jun 27, 1981
Fiji v Samoa at Suva, Jul 4, 1981
Tonga v Fiji at Nuku A'lofa, Aug 8, 1981
Tonga v Fiji at Nuku A'lofa, Aug 8, 1981
Tonga v Fiji at Nuku A'lofa, Aug 15, 1981
Samoa v Fiji at Apia, Jun 2, 1982
Samoa v Fiji at Apia, Jun 2, 1982
Samoa v Fiji at Apia, Jun 12, 1982
Samoa v Fiji at Apia, Jun 12, 1982
Samoa v Fiji at Apia, Jun 12, 1982
Fiji v Samoa at Suva, Aug 21, 1982
Fiji v Samoa at Suva, Aug 21, 1982
Fiji v Samoa at Suva, Aug 21, 1982
Fiji v Samoa at Suva, Aug 21, 1982
Fiji v Samoa at Suva, Aug 21, 1982
Fiji v Tonga at Suva, Aug 28, 1982
Scotland XV v Fiji at Murrayfield, Sep 25, 1982
Scotland XV v Fiji at Murrayfield, Sep 25, 1982
Scotland XV v Fiji at Murrayfield, Sep 25, 1982
Fiji v Tonga at Suva, Jun 18, 1983
Fiji v Tonga at Suva, Jun 18, 1983
Fiji v Tonga at Suva, Jun 18, 1983
Fiji v Tonga at Suva, Jun 18, 1983
Fiji v Samoa at Suva, Jun 25, 1983
Fiji v Samoa at Suva, Jun 25, 1983
Fiji v Samoa at Suva, Jun 25, 1983
Samoa v Fiji at Apia, Sep 5, 1983
Fiji v Solomon Islands at Apia, Sep 8, 1983
Fiji v Australia at Suva, Jun 9, 1984
Fiji v Australia at Suva, Jun 9, 1984
Fiji v Australia at Suva, Jun 9, 1984
Fiji v Australia at Suva, Jun 9, 1984
Fiji v Samoa at Suva, Jun 30, 1984
Fiji v Tonga at Suva, Jul 7, 1984
Fiji v Tonga at Suva, Jul 7, 1984
Fiji v Tonga at Suva, Jul 21, 1984
Fiji v Tonga at Suva, Jul 21, 1984
Fiji v Tonga at Suva, Jul 21, 1984
Fiji v Tonga at Suva, Jul 21, 1984
Fiji v New Zealand XV at Suva, Oct 27, 1984
Samoa v Fiji at Apia, Jun 1, 1985
Samoa v Fiji at Apia, Jun 1, 1985
Fiji v Tonga at Apia, Jun 5, 1985
Fiji v Tonga at Apia, Jun 5, 1985
Fiji v Tonga at Apia, Jun 5, 1985
Australia v Fiji at Brisbane, Aug 10, 1985
Australia v Fiji at Brisbane, Aug 10, 1985
Australia v Fiji at Sydney, Aug 17, 1985
Australia v Fiji at Sydney, Aug 17, 1985
Ireland XV v Fiji at Lansdowne Road, Oct 19, 1985
Wales v Fiji at Cardiff, Nov 9, 1985
Wales v Fiji at Cardiff, Nov 9, 1985
Fiji v Wales at Suva, May 31, 1986
Fiji v Wales at Suva, May 31, 1986
Fiji v Wales at Suva, May 31, 1986
Fiji v Wales at Suva, May 31, 1986
Tonga v Fiji at Nuku A'lofa, Jun 28, 1986
Tonga v Fiji at Nuku A'lofa, Jun 28, 1986
Tonga v Fiji at Nuku A'lofa, Jun 28, 1986
Tonga v Fiji at Nuku A'lofa, Jun 28, 1986
Tonga v Fiji at Nuku A'lofa, Jun 28, 1986
Tonga v Fiji at Nuku A'lofa, Jun 28, 1986
Tonga v Fiji at Nuku A'lofa, Jun 28, 1986
Tonga v Fiji at Nuku A'lofa, Jun 28, 1986
Fiji v Samoa at Nuku A'lofa, Jul 2, 1986
Fiji v Samoa at Nuku A'lofa, Jul 2, 1986
Fiji v Samoa at Nuku A'lofa, Jul 2, 1986
Argentina v Fiji at Hamilton, May 24, 1987
Argentina v Fiji at Hamilton, May 24, 1987
Argentina v Fiji at Hamilton, May 24, 1987
Argentina v Fiji at Hamilton, May 24, 1987
New Zealand v Fiji at Christchurch, May 27, 1987
New Zealand v Fiji at Christchurch, May 27, 1987
New Zealand v Fiji at Christchurch, May 27, 1987
Fiji v Italy at Dunedin, May 31, 1987
Fiji v Samoa at Suva, Aug 22, 1987
Fiji v Tonga at Apia, May 31, 1988
Fiji v Tonga at Apia, May 31, 1988
Fiji v Tonga at Apia, May 31, 1988
Fiji v Tonga at Apia, May 31, 1988
Fiji v Tonga at Apia, May 31, 1988
Fiji v Tonga at Apia, May 31, 1988
Fiji v Tonga at Apia, May 31, 1988
Fiji v Tonga at Apia, May 31, 1988
Fiji v Tonga at Apia, May 31, 1988
Samoa v Fiji at Apia, Jun 4, 1988
Tonga v Fiji at Nuku A'lofa, Jul 2, 1988
Tonga v Fiji at Nuku A'lofa, Jul 2, 1988
Tonga v Fiji at Nuku A'lofa, Jul 2, 1988
Fiji v Tonga at Nadi, Oct 8, 1988
Fiji v Tonga at Nadi, Oct 8, 1988
Fiji v Tonga at Suva, Jul 15, 1989
Fiji v Tonga at Suva, Jul 15, 1989
Fiji v Tonga at Suva, Jul 15, 1989
Tonga v Fiji at Nuku A'lofa, Jul 22, 1989
Belgium v Fiji at Liege, Oct 7, 1989
Scotland v Fiji at Murrayfield, Oct 28, 1989
Scotland v Fiji at Murrayfield, Oct 28, 1989
England v Fiji at Twickenham, Nov 4, 1989
Japan v Fiji at Tokyo, Mar 4, 1990
Japan v Fiji at Tokyo, Mar 4, 1990
Japan v Fiji at Tokyo, Mar 4, 1990
Japan v Fiji at Tokyo, Mar 4, 1990
Tonga v Fiji at Nuku A'lofa, Mar 24, 1990
Tonga v Fiji at Nuku A'lofa, Mar 24, 1990
Tonga v Fiji at Nuku A'lofa, Mar 24, 1990
Fiji v Samoa at Nausori, Jun 23, 1990
Hong Kong v Fiji at Hong Kong, Dec 5, 1990
Hong Kong v Fiji at Hong Kong, Dec 5, 1990
Hong Kong v Fiji at Hong Kong, Dec 5, 1990
Hong Kong v Fiji at Hong Kong, Dec 5, 1990
Hong Kong v Fiji at Hong Kong, Dec 5, 1990
Samoa v Fiji at Apia, Jun 1, 1991
Samoa v Fiji at Apia, Jun 1, 1991
Samoa v Fiji at Apia, Jun 1, 1991
Samoa v Fiji at Apia, Jun 1, 1991
Samoa v Fiji at Apia, Jun 1, 1991
Fiji v Tonga at Suva, Jun 8, 1991
Fiji v Tonga at Suva, Jun 11, 1991
Fiji v Tonga at Suva, Jun 11, 1991
France v Fiji at Grenoble, Oct 8, 1991
Fiji v Samoa at Suva, Jun 20, 1992
Fiji v Samoa at Suva, Jun 20, 1992
Fiji v Samoa at Suva, Jun 20, 1992
Fiji v Samoa at Suva, Jun 20, 1992
Fiji v Samoa at Suva, Jun 20, 1992
Fiji v Samoa at Suva, Jun 20, 1992
Fiji v Samoa at Suva, Jun 20, 1992
Fiji v Samoa at Suva, Jun 20, 1992
Tonga v Fiji at Nuku A'lofa, Jul 25, 1992
Tonga v Fiji at Nuku A'lofa, Jul 25, 1992
Tonga v Fiji at Nuku A'lofa, Jul 25, 1992
Tonga v Fiji at Nuku A'lofa, Jul 25, 1992
Fiji v New Zealand Maori at Suva, Oct 31, 1992
Fiji v New Zealand Maori at Suva, Oct 31, 1992
Fiji v New Zealand Maori at Suva, Oct 31, 1992
Samoa v Fiji at Apia, Jun 5, 1993
Samoa v Fiji at Apia, Jun 5, 1993
Tonga v Fiji at Nuku A'lofa, Jul 17, 1993
Japan v Fiji at Ehime, May 8, 1994
Japan v Fiji at Ehime, May 8, 1994
Japan v Fiji at Ehime, May 8, 1994
Japan v Fiji at Ehime, May 8, 1994
Japan v Fiji at Ehime, May 8, 1994
Japan v Fiji at Ehime, May 8, 1994
Japan v Fiji at Ehime, May 8, 1994
Japan v Fiji at Ehime, May 8, 1994
Japan v Fiji at Ehime, May 8, 1994
Japan v Fiji at Ehime, May 8, 1994
Japan v Fiji at Ehime, May 8, 1994
Japan v Fiji at Ehime, May 8, 1994
Japan v Fiji at Ehime, May 8, 1994
Japan v Fiji at Ehime, May 8, 1994
Japan v Fiji at Tokyo, May 15, 1994
New Zealand Maori v Fiji at Christchurch, Jun 4, 1994
New Zealand Maori v Fiji at Christchurch, Jun 4, 1994
New Zealand Maori v Fiji at Christchurch, Jun 4, 1994
New Zealand Maori v Fiji at Christchurch, Jun 4, 1994
New Zealand Maori v Fiji at Christchurch, Jun 4, 1994
Fiji v Wales at Suva, Jun 18, 1994
Fiji v Wales at Suva, Jun 18, 1994
Fiji v Canada at Nadi, Apr 8, 1995
Fiji v Canada at Nadi, Apr 8, 1995
Fiji v Canada at Nadi, Apr 8, 1995
Fiji v Canada at Nadi, Apr 8, 1995
Fiji v Canada at Nadi, Apr 8, 1995
Fiji v Canada at Nadi, Apr 8, 1995
Samoa v Fiji at Apia, Jul 1, 1995
Samoa v Fiji at Apia, Jul 1, 1995
Samoa v Fiji at Apia, Jul 1, 1995
Wales v Fiji at Cardiff, Nov 11, 1995
Wales v Fiji at Cardiff, Nov 11, 1995
Wales v Fiji at Cardiff, Nov 11, 1995
South Africa v Fiji at Pretoria, Jul 2, 1996
South Africa v Fiji at Pretoria, Jul 2, 1996
South Africa v Fiji at Pretoria, Jul 2, 1996
South Africa v Fiji at Pretoria, Jul 2, 1996
Fiji v Samoa at Suva, Jul 20, 1996
Hong Kong v Fiji at Hong Kong, Sep 29, 1996
Hong Kong v Fiji at Hong Kong, Sep 29, 1996
Hong Kong v Fiji at Hong Kong, Sep 29, 1996
Hong Kong v Fiji at Hong Kong, Oct 5, 1996
Hong Kong v Fiji at Hong Kong, Oct 5, 1996
Hong Kong v Fiji at Hong Kong, Oct 5, 1996
Fiji v New Zealand Maori at Suva, Nov 1, 1996
New Zealand v Fiji at North Shore City, Jun 14, 1997
New Zealand v Fiji at North Shore City, Jun 14, 1997
New Zealand v Fiji at North Shore City, Jun 14, 1997
Fiji v Scotland at Suva, May 26, 1998
Fiji v Scotland at Suva, May 26, 1998
Fiji v Scotland at Suva, May 26, 1998
Fiji v France at Suva, Jun 27, 1998
Australia v Fiji at Sydney, Sep 18, 1998
Fiji v Samoa at Canberra, Sep 22, 1998
Canada v Fiji at Vancouver, May 15, 1999
Canada v Fiji at Vancouver, May 15, 1999
Canada v Fiji at Vancouver, May 15, 1999
Canada v Fiji at Vancouver, May 15, 1999
United States of America v Fiji at San Francisco, May 22, 1999
United States of America v Fiji at San Francisco, May 22, 1999
Fiji v Samoa at Lautoka, Jul 3, 1999
Fiji v New Zealand Maori at Suva, Aug 3, 1999
Fiji v Spain at Avezzano, Aug 24, 1999
Fiji v Spain at Avezzano, Aug 24, 1999
Fiji v Uruguay at L'Aquila, Aug 26, 1999
Japan v Fiji at Tokyo, May 20, 2000
Japan v Fiji at Tokyo, May 20, 2000
Japan v Fiji at Tokyo, May 20, 2000
Japan v Fiji at Tokyo, May 20, 2000
Japan v Fiji at Tokyo, May 20, 2000
Japan v Fiji at Tokyo, May 20, 2000
Japan v Fiji at Tokyo, May 20, 2000
Japan v Fiji at Tokyo, May 20, 2000
Japan v Fiji at Tokyo, May 20, 2000
Tonga v Fiji at Nuku A'lofa, May 26, 2000
Tonga v Fiji at Nuku A'lofa, May 26, 2000
Fiji v United States of America at Apia, Jun 30, 2000
Fiji v United States of America at Apia, Jun 30, 2000
Fiji v United States of America at Apia, Jun 30, 2000
Canada v Fiji at Apia, Jul 7, 2000
Tonga v Fiji at Nuku A'lofa, May 25, 2001
Tonga v Fiji at Nuku A'lofa, May 25, 2001
Fiji v Samoa at Suva, Jun 9, 2001
Fiji v Tonga at Lautoka, Jun 16, 2001
Samoa v Fiji at Apia, Jun 23, 2001
Samoa v Fiji at Apia, Jun 23, 2001
Samoa v Fiji at Apia, Jun 23, 2001
Italy v Fiji at Treviso, Nov 10, 2001
Italy v Fiji at Treviso, Nov 10, 2001
Italy v Fiji at Treviso, Nov 10, 2001
France v Fiji at Saint-Etienne, Nov 24, 2001
France v Fiji at Saint-Etienne, Nov 24, 2001
France v Fiji at Saint-Etienne, Nov 24, 2001
Samoa v Fiji at Apia, Jun 1, 2002
Samoa v Fiji at Apia, Jun 1, 2002
Samoa v Fiji at Apia, Jun 1, 2002
Samoa v Fiji at Apia, Jun 1, 2002
Samoa v Fiji at Apia, Jun 1, 2002
Tonga v Fiji at Nuku A'lofa, Jun 7, 2002
Tonga v Fiji at Nuku A'lofa, Jun 7, 2002
Scotland v Fiji at Murrayfield, Nov 24, 2002
Scotland v Fiji at Murrayfield, Nov 24, 2002
Fiji v Tonga at Nadi, Jul 4, 2003
Tonga v Fiji at Nuku A'lofa, Jul 11, 2003
Argentina v Fiji at Cordoba, Aug 18, 2003
Argentina v Fiji at Cordoba, Aug 18, 2003
Argentina v Fiji at Cordoba, Aug 18, 2003
Fiji v Scotland at Sydney, Nov 1, 2003
Tonga v Fiji at Nuku A'lofa, Jun 5, 2004
Tonga v Fiji at Nuku A'lofa, Jun 5, 2004
Tonga v Fiji at Nuku A'lofa, Jun 5, 2004
Tonga v Fiji at Nuku A'lofa, Jun 5, 2004
Tonga v Fiji at Nuku A'lofa, Jun 5, 2004
Tonga v Fiji at Nuku A'lofa, Jun 5, 2004
Tonga v Fiji at Nuku A'lofa, Jun 5, 2004
Tonga v Fiji at Nuku A'lofa, Jun 5, 2004
Fiji v Samoa at Suva, Jun 12, 2004
Fiji v Samoa at Suva, Jun 12, 2004
Fiji v Samoa at Suva, Jun 12, 2004
Fiji v Samoa at Suva, Jun 12, 2004
Fiji v New Zealand Maori at Suva, Jun 3, 2005
Fiji v New Zealand Maori at Suva, Jun 3, 2005
Fiji v New Zealand Maori at Suva, Jun 3, 2005
Fiji v New Zealand Maori at Suva, Jun 3, 2005
Fiji v New Zealand Maori at Suva, Jun 3, 2005
New Zealand v Fiji at North Shore City, Jun 10, 2005
Fiji v Tonga at Suva, Jun 25, 2005
Fiji v Tonga at Suva, Jun 25, 2005
Fiji v Tonga at Suva, Jun 25, 2005
Samoa v Fiji at Apia, Jul 9, 2005
Samoa v Fiji at Apia, Jul 9, 2005
Samoa v Fiji at Apia, Jul 9, 2005
Fiji v Samoa at Suva, Jul 30, 2005
Fiji v Samoa at Suva, Jul 30, 2005
Wales v Fiji at Millennium Stadium, Nov 11, 2005
Wales v Fiji at Millennium Stadium, Nov 11, 2005
Portugal v Fiji at Lisbon, Nov 19, 2005
Portugal v Fiji at Lisbon, Nov 19, 2005
Portugal v Fiji at Lisbon, Nov 19, 2005
Italy v Fiji at Monza, Nov 26, 2005
Fiji v Tonga at Gosford, Jun 10, 2006
Fiji v Tonga at Gosford, Jun 10, 2006
Fiji v Tonga at Gosford, Jun 10, 2006
Fiji v Tonga at Gosford, Jun 10, 2006
Fiji v Samoa at Suva, Jun 24, 2006
Samoa v Fiji at Apia, May 19, 2007
Samoa v Fiji at Apia, May 19, 2007
Samoa v Fiji at Apia, May 19, 2007
Samoa v Fiji at Apia, May 19, 2007
Samoa v Fiji at Apia, May 19, 2007
Samoa v Fiji at Apia, May 19, 2007
Samoa v Fiji at Apia, May 19, 2007
Samoa v Fiji at Apia, May 19, 2007
Fiji v Japan at Lautoka, May 26, 2007
Fiji v Japan at Lautoka, May 26, 2007
Fiji v Tonga at Lautoka, Jun 16, 2007
Fiji v Tonga at Lautoka, Jun 16, 2007
Fiji v Tonga at Lautoka, Jun 16, 2007
Fiji v Tonga at Lautoka, Jun 16, 2007
Fiji v Tonga at Lautoka, Jun 16, 2007
Australia v Fiji at Montpellier, Sep 23, 2007
Fiji v Samoa at Lautoka, Jun 7, 2008
Fiji v Samoa at Lautoka, Jun 7, 2008
Fiji v Samoa at Lautoka, Jun 7, 2008
Fiji v Samoa at Lautoka, Jun 7, 2008
Fiji v New Zealand Maori at Lautoka, Jun 14, 2008
Japan v Fiji at Tokyo, Jun 22, 2008
Japan v Fiji at Tokyo, Jun 22, 2008
Tonga v Fiji at Nuku A'lofa, Jul 5, 2008
Tonga v Fiji at Nuku A'lofa, Jul 5, 2008
Tonga v Fiji at Nuku A'lofa, Jul 5, 2008
Tonga v Fiji at Nuku A'lofa, Jul 5, 2008
Tonga v Fiji at Nuku A'lofa, Jun 13, 2009
Tonga v Fiji at Nuku A'lofa, Jun 13, 2009
Tonga v Fiji at Nuku A'lofa, Jun 13, 2009
Tonga v Fiji at Nuku A'lofa, Jun 13, 2009
Tonga v Fiji at Nuku A'lofa, Jun 13, 2009
Tonga v Fiji at Nuku A'lofa, Jun 13, 2009
Fiji v Samoa at Lautoka, Jun 27, 2009
Fiji v Samoa at Lautoka, Jun 27, 2009
Fiji v Japan at Suva, Jul 3, 2009
Fiji v Japan at Suva, Jul 3, 2009
Fiji v Japan at Suva, Jul 3, 2009
Fiji v Japan at Suva, Jul 3, 2009
Scotland v Fiji at Murrayfield, Nov 14, 2009
Scotland v Fiji at Murrayfield, Nov 14, 2009
Scotland v Fiji at Murrayfield, Nov 14, 2009
France v Pacific Islanders at Sochaux-Montbéliard, Nov 15, 2008
Scotland v Fiji at Murrayfield, Nov 14, 2009
Scotland v Fiji at Murrayfield, Nov 14, 2009
Scotland v Fiji at Murrayfield, Nov 14, 2009
Scotland v Fiji at Murrayfield, Nov 14, 2009
Romania v Fiji at Bucharest, Nov 28, 2009
Romania v Fiji at Bucharest, Nov 28, 2009
Romania v Fiji at Bucharest, Nov 28, 2009
Australia v Fiji at Canberra, Jun 5, 2010
Australia v Fiji at Canberra, Jun 5, 2010
Australia v Fiji at Canberra, Jun 5, 2010
Australia v Fiji at Canberra, Jun 5, 2010
Australia v Fiji at Canberra, Jun 5, 2010
Fiji v Japan at Lautoka, Jun 12, 2010
Fiji v Japan at Lautoka, Jun 12, 2010
Fiji v Japan at Lautoka, Jun 12, 2010
Fiji v Japan at Lautoka, Jun 12, 2010
Fiji v Japan at Lautoka, Jun 12, 2010
Fiji v Tonga at Apia, Jun 19, 2010
Samoa v Fiji at Apia, Jun 26, 2010
France v Fiji at Nantes, Nov 13, 2010
France v Fiji at Nantes, Nov 13, 2010
Italy v Fiji at Modena, Nov 27, 2010
Fiji v Tonga at Lautoka, Jul 2, 2011
Fiji v Tonga at Lautoka, Jul 2, 2011
Fiji v Tonga at Lautoka, Jul 2, 2011
Fiji v Tonga at Lautoka, Jul 2, 2011
Fiji v Japan at Lautoka, Jul 13, 2011
Fiji v Japan at Lautoka, Jul 13, 2011
Japan v Fiji at Nagoya, Jun 5, 2012
Japan v Fiji at Nagoya, Jun 5, 2012
Japan v Fiji at Nagoya, Jun 5, 2012
Japan v Fiji at Nagoya, Jun 5, 2012
Japan v Fiji at Nagoya, Jun 5, 2012
Japan v Fiji at Nagoya, Jun 5, 2012
Japan v Fiji at Nagoya, Jun 5, 2012
Japan v Fiji at Nagoya, Jun 5, 2012
Japan v Fiji at Nagoya, Jun 5, 2012
Japan v Fiji at Nagoya, Jun 5, 2012
Fiji v Samoa at Tokyo, Jun 10, 2012
Fiji v Samoa at Tokyo, Jun 10, 2012
Fiji v Scotland at Lautoka, Jun 16, 2012
Fiji v Tonga at Lautoka, Jun 23, 2012
Fiji v Tonga at Lautoka, Jun 23, 2012
England v Fiji at Twickenham, Nov 10, 2012
England v Fiji at Twickenham, Nov 10, 2012
England v Fiji at Twickenham, Nov 10, 2012
Ireland XV v Fiji at Limerick, Nov 17, 2012
Ireland XV v Fiji at Limerick, Nov 17, 2012
Georgia v Fiji at Tbilisi, Nov 24, 2012
Fiji v Japan at Lautoka, Jun 1, 2013
Fiji v Japan at Lautoka, Jun 1, 2013
Canada v Fiji at Nepean, Jun 5, 2013
Canada v Fiji at Nepean, Jun 5, 2013
Portugal v Fiji at Lisbon, Nov 9, 2013
Portugal v Fiji at Lisbon, Nov 9, 2013
Portugal v Fiji at Lisbon, Nov 9, 2013
Romania v Fiji at Bucharest, Nov 23, 2013
Romania v Fiji at Bucharest, Nov 23, 2013
Fiji v Italy at Suva, Jun 7, 2014
Fiji v Cook Islands at Suva, Jun 28, 2014
France v Fiji at Marseille, Nov 8, 2014
France v Fiji at Marseille, Nov 8, 2014
Fiji v United States of America at Vannes, Nov 21, 2014